>sp|LptD|LptD-mature LptD
ADLASQCMLGVPSYDRPLVQGDTNDLPVTINADHAKGDYPDDAVFTGSVDIMQGNSRLQADEVQLHQKEAPGQPEPVRTVDALGNVHYDDNQVILK
GPKGWANLNTKDTNVWEGDYQMVGRQGRGKADLMKQRGENRYTILDNGSFTSCLPGSDTW
SVVGSEIIHDREEQVAEIWNARFKVGPVPIFYSPYLQLPVGDKRRSGFLIPNAKYTTTNY
FEFYLPYYWNIAPNMDATITPHYMHRRGNIMWENEFRYLSQAGAGLMELDYLPSDKVYED
EHPNDDSSRRWLFYWNHSGVMDQVWRFNVDYTKVSDPSYFNDFDNKYGSSTDGYATQKFS
VGYAVQNFNATVSTKQFQVFSEQNTSSYSAEPQLDVNYYQNDVGPFDTRIYGQAVHFVNT
RDDMPEATRVHLEPTINLPLSNNWGSINTEAKLLATHYQQTNLDWYNSRNTTKLDESVNR
VMPQFKVDGKMVFERDMEMLAPGYTQTLEPRAQYLYVPYRDQSDIYNYDSSLLQSDYSGL
FRDRTYGGLDRIASANQVTTGVTSRIYDDAAVERFNISVGQIYYFTESRTGDDNITWEND
DKTGSLVWAGDTYWRISERWGLRGGIQYDTRLDNVATSNSSIEYRRDEDRLVQLNYRYAS
PEYIQATLPKYYSTAEQYKNGISQVGAVASWPIADRWSIVGAYYYDTNANKQADSMLGVQ
YSSCCYAIRVGYERKLNGWDNDKQHAVYDNAIGFNIELRGLSSNYGLGTQEMLRSNILPY
QNTL
>sp|LptE|LptE-His-mature LptE-His
CGWHLRDTTQVPSTMKVMILDSGDPNGPLSRAVRNQLRLNGV
ELLDKETTRKDVPSLRLGKVSIAKDTASVFRNGQTAEYQMIMTVNATVLIPGRDIYPISA
KVFRSFFDNPQMALAKDNEQDMIVKEMYDRAAEQLIRKLPSIRAADIRSDEEQTSTTTDT
PATPARVSTTLGNHHHHHHHH
>sp|LptM|LptM-His-mature LptM-His
CGLKGPLYFPPADKNAPPPTKPVETQTQSTVPDKNDRATGDGPSQVNYHHHHHHHH
>sp|P00791|PEPA_PIG Pepsin A OS=Sus scrofa GN=PGA PE=1 SV=3
MKWLLLLSLVVLSECLVKVPLVRKKSLRQNLIKNGKLKDFLKTHKHNPASKYFPEAAALI
GDEPLENYLDTEYFGTIGIGTPAQDFTVIFDTGSSNLWVPSVYCSSLACSDHNQFNPDDS
STFEATSQELSITYGTGSMTGILGYDTVQVGGISDTNQIFGLSETEPGSFLYYAPFDGIL
GLAYPSISASGATPVFDNLWDQGLVSQDLFSVYLSSNDDSGSVVLLGGIDSSYYTGSLNW
VPVSVEGYWQITLDSITMDGETIACSGGCQAIVDTGTSLLTGPTSAIANIQSDIGASENS
DGEMVISCSSIDSLPDIVFTINGVQYPLSPSAYILQDDDSCTSGFEGMDVPTSSGELWIL
GDVFIRQYYTVFDRANNKVGLAPVA
>gnl|db|Pepsin sp|P00791|PEPA_PIG A OS=Sus scrofa GN=PGA PE=1 SV=3
MKWLLLLSLVVLSECLVKVPLVRKKSLRQNLIKNGKLKDFLKTHKHNPASKYFPEAAALIGDEPLENYLDTEYFGTIGIG
TPAQDFTVIFDTGSSNLWVPSVYCSSLACSDHNQFNPDDSSTFEATSQELSITYGTGSMTGILGYDTVQVGGISDTNQIF
GLSETEPGSFLYYAPFDGILGLAYPSISASGATPVFDNLWDQGLVSQDLFSVYLSSNDDSGSVVLLGGIDSSYYTGSLNW
VPVSVEGYWQITLDSITMDGETIACSGGCQAIVDTGTSLLTGPTSAIANIQSDIGASENSDGEMVISCSSIDSLPDIVFT
INGVQYPLSPSAYILQDDDSCTSGFEGMDVPTSSGELWILGDVFIRQYYTVFDRANNKVGLAPVA