>sp|P0AE06|ACRA_ECOLI Multidrug efflux pump subunit AcrA OS=Escherichia coli (strain K12) OX=83333 GN=acrA PE=1 SV=1

MDDKQAQQGGQQMPAVGVVTVKTEPLQITTELPGRTSAYRIAEVRPQVSGIILKRNFKEGSDIEAGVSLYQIDPATYQATYDSAKGDLAKAQAAAN
IAQLTVNRYQKLLGTQYISKQEYDQALADAQQANAAVTAAKAAVETARINLAYTKVTSPI
SGRIGKSNVTEGALVQNGQATALATVQQLDPIYVDVTQSSNDFLRLKQELANGTLKQENG
KAKVSLITSDGIKFPQDGTLEFSDVTVDQTTGSITLRAIFPNPDHTLLPGMFVRARLEEG
LNPNAILVPQQGVTRTPRGDATVLVVGADDKVETRPIVASQAIGDKWLVTEGLKAGDRVV
ISGLQKVRPGVQVKAQEVTADNNQQAASGAQPEQSKSLEHHHHHH

>sp|P03954|PEPA1_MACFU Pepsin A-1 OS=Macaca fuscata fuscata OX=9543 GN=PGA PE=1 SV=2

MKWLLLLGLVALSECIIYKVPLVRKKSLRRNLSEHGLLKDFLKKHNLNPASKYFPQAEAP
TLIDEQPLENYLDVEYFGTIGIGTPAQDFTVIFDTGSSNLWVPSVYCSSLACTNHNLFNP
QDSSTYQSTSGTLSITYGTGSMTGILGYDTVQVGGISDTNQIFGLSETEPGSFLYYAPFD
GILGLAYPSISSSGATPVFDNIWDQGLVSQDLFSVYLSADDQSGSVVIFGGIDSSYYTGS
LNWVPVSVEGYWQISVDSITMNGEAIACAEGCQAIVDTGTSLLTGPTSPIANIQSDIGAS
ENSDGEMVVSCSAISSLPDIVFTINGIQYPVPPSAYILQSQGSCTSGFQGMDVPTESGEL
WILGDVFIRQYFTVFDRANNQVGLAPVA